부도확률(PD),부도_시_손실확률(LGD),부도_시_손실금액(EAD)(단위:십억원),기대신용손실(ECL)(단위:십억원),TIME,YEAR
0.02,0.3617,44808,324.141072,2010,2010
0.0241,0.8287,438377,8755.12078,2010,2010
0.03,0.5194,9783,152.438706,2010,2010
0.01,0.889,2240,19.9136,2010,2010
0.0125,0.3312,21918.8,90.743832,2010,2010
0.02,0.4564,8,0.073024,2010,2010
0.0241,0.9516,643.6,14.76003922,2010,2010
0.03,0.3561,0.02,0.00021366,2010,2010
0.01,0.8656,0.15,0.0012984,2010,2010
0.0125,0.3933,141,0.69319125,2010,2010
0.02,0.7454,0.03,0.00044724,2010,2010
0.0241,0.0948,45338,103.5828218,2010,2010
0.03,0.593,441851.7,7860.541743,2010,2010
0.01,0.8199,9746,79.907454,2010,2010
0.0125,0.5128,2386,15.29426,2010,2010
0.02,0.0903,23255.4,41.9992524,2010,2010
0.0228,0.7836,8,0.14292864,2010,2010
0.03,0.794,706.6,16.831212,2010,2010
0.01,0.3898,0.02,7.80E-05,2010,2010
0.0125,0.0657,0.16,0.0001314,2010,2010
0.02,0.4511,111,1.001442,2010,2010
0.0228,0.0259,0.03,1.77E-05,2010,2010
0.03,0.577,50870,880.5597,2010,2010
0.01,0.2519,515821.4,1299.354107,2010,2010
0.0125,0.3655,10140,46.327125,2010,2010
0.02,0.1742,2312,8.055008,2010,2010
0.0228,0.1631,23446.4,87.18965875,2010,2010
0.03,0.0191,11,0.006303,2010,2010
0.01,0.1522,554,0.843188,2010,2010
0.0125,0.3689,0.02,9.22E-05,2010,2010
0.0225,0.3883,0.11,0.000961043,2010,2010
0.0224,0.8483,144,2.73627648,2010,2010
0.0325,0.2733,0.02,0.000177645,2010,2010
0.0125,0.4261,45810,243.9955125,2010,2010
0.0125,0.6431,496855.3,3994.095543,2010,2010
0.0225,0.9545,10846,232.9314075,2010,2010
0.0224,0.7627,2082,35.56988736,2010,2010
0.0325,0.2646,22584.3,194.2136878,2010,2010
0.0125,0.0182,9,0.0020475,2010,2010
0.0125,0.2978,743.1,2.76618975,2010,2010
0.0225,0.0143,0.02,6.44E-06,2010,2010
0.0224,0.4802,0.15,0.001613472,2010,2010
0.0325,0.453,125,1.8403125,2010,2010
0.0125,0.416,0.03,0.000156,2010,2010
0.0125,0.5169,42633,275.4624713,2010,2010
0.0225,0.0448,507011.3,511.0673904,2010,2010
0.026,0.6288,11892,194.4199296,2010,2010
0.0325,0.936,2244,68.26248,2010,2010
0.0125,0.0734,26684.8,24.483304,2010,2010
0.0125,0.733,10,0.091625,2010,2010
0.025,0.8616,785.4,16.917516,2010,2010
0.026,0.9029,0.02,0.000469508,2010,2010
0.035,0.1483,0.15,0.000778575,2010,2010
0.015,0.3143,120,0.56574,2010,2010
0.0125,0.6157,0.03,0.000230888,2010,2010
0.025,0.8819,42446,935.828185,2010,2010
0.026,0.4473,497834.6,5789.716831,2010,2010
0.035,0.7962,11729,326.852043,2010,2010
0.015,0.3498,2021,10.604187,2010,2010
0.0125,0.9708,23706.4,287.677164,2010,2010
0.0275,0.4125,10,0.1134375,2011,2011
0.0276,0.2892,869.7,6.941875824,2011,2011
0.0375,0.6486,0.02,0.00048645,2011,2011
0.0175,0.2823,0.17,0.000839843,2011,2011
0.0125,0.927,122,1.413675,2011,2011
0.0275,0.0184,0.04,2.02E-05,2011,2011
0.0276,0.4297,40248,477.3300106,2011,2011
0.0375,0.3925,487519.9,7175.683528,2011,2011
0.0175,0.0788,12113,16.703827,2011,2011
0.0125,0.0113,1830,0.2584875,2011,2011
0.03,0.0088,22160,5.85024,2011,2011
0.0276,0.9678,9,0.24040152,2011,2011
0.04,0.915,814.1,29.79606,2011,2011
0.02,0.3207,0.02,0.00012828,2011,2011
0.015,0.0731,0.17,0.000186405,2011,2011
0.03,0.1786,122,0.653676,2011,2011
0.0336,0.7467,0.03,0.000752674,2011,2011
0.04,0.2698,40848,440.831616,2011,2011
0.02,0.5959,498392.5,5939.841815,2011,2011
0.015,0.3566,12201,65.263149,2011,2011
0.03,0.2506,1857,13.960926,2011,2011
0.0336,0.3246,22654.2,247.0793916,2011,2011
0.04,0.5524,11,0.243056,2011,2011
0.02,0.3151,991.6,6.2490632,2011,2011
0.015,0.8595,0.03,0.000386775,2011,2011
0.0325,0.9395,0.2,0.00610675,2011,2011
0.0336,0.7243,122,2.96905056,2011,2011
0.0425,0.1214,0.04,0.00020638,2011,2011
0.0225,0.4544,39714,406.035936,2011,2011
0.015,0.2641,450663.7,1785.304248,2011,2011
0.0325,0.5174,11348,190.822294,2011,2011
0.0344,0.0288,2090,2.0706048,2011,2011
0.0425,0.1098,23719.1,110.6851802,2011,2011
0.0225,0.0813,9,0.01646325,2011,2011
0.015,0.1483,698.3,1.55336835,2011,2011
0.0325,0.8587,0.02,0.000558155,2011,2011
0.0344,0.0805,0.15,0.00041538,2011,2011
0.0425,0.8937,119,4.51988775,2011,2011
0.0225,0.0271,0.03,1.83E-05,2011,2011
0.015,0.372,38759,216.27522,2011,2011
0.0325,0.8337,455404.4,12339.29607,2011,2011
0.0344,0.8798,11750,355.61516,2011,2011
0.0425,0.2085,1846,16.3578675,2011,2011
0.0225,0.6334,21685.9,309.0566039,2011,2011
0.015,0.5374,8,0.064488,2011,2011
0.0325,0.0981,405,1.29124125,2011,2011
0.034,0.871,0.02,0.00059228,2011,2011
0.0425,0.1087,0.09,0.000415778,2011,2011
0.0225,0.3312,129,0.961308,2011,2011
0.015,0.007,0.02,2.10E-06,2011,2011
0.0325,0.1341,40550,176.7270375,2011,2011
0.034,0.633,495994,10674.78287,2011,2011
0.0425,0.8293,12232,431.119898,2011,2011
0.0225,0.8701,1843,36.08087175,2011,2011
0.015,0.3403,22545.2,115.0819734,2011,2011
0.0325,0.5458,12,0.212862,2011,2011
0.034,0.0231,646.3,0.50760402,2011,2011
0.0425,0.4989,0.03,0.000636098,2011,2011
0.0225,0.2426,0.13,0.000709605,2011,2011
0.015,0.7085,153,1.6260075,2011,2011
0.0325,0.0902,0.03,8.79E-05,2012,2012
0.0357,0.4674,40131,669.6330896,2012,2012
0.0425,0.5731,526120.5,12814.58549,2012,2012
0.0225,0.0496,13110,14.63076,2012,2012
0.015,0.5709,1745,14.9433075,2012,2012
0.0325,0.4439,22874.8,330.0090209,2012,2012
0.0357,0.8264,10,0.2950248,2012,2012
0.0425,0.6483,622,17.1378105,2012,2012
0.0225,0.637,0.02,0.00028665,2012,2012
0.015,0.8322,0.12,0.00149796,2012,2012
0.0325,0.7062,162,3.718143,2012,2012
0.0357,0.751,0.02,0.000536214,2012,2012
0.0425,0.4853,37351,770.3737128,2012,2012
0.0225,0.8501,487002.5,9315.018568,2012,2012
0.015,0.9567,13039,187.1161695,2012,2012
0.0325,0.0763,1779,4.41147525,2012,2012
0.0358,0.894,23190.6,742.2197911,2012,2012
0.0425,0.4298,8,0.146132,2012,2012
0.0225,0.8131,362.9,6.639164775,2012,2012
0.015,0.379,0.02,0.0001137,2012,2012
0.0325,0.4388,0.07,0.00099827,2012,2012
0.0358,0.4637,102,1.69324692,2012,2012
0.0425,0.3803,0.01,0.000161628,2012,2012
0.0225,0.1179,36433,96.64764075,2012,2012
0.015,0.4244,431604.5,2747.594247,2012,2012
0.0325,0.2887,11847,111.1574393,2012,2012
0.0358,0.3,2143,23.01582,2012,2012
0.0425,0.5674,25388.5,612.2309833,2012,2012
0.0225,0.4063,7,0.06399225,2012,2012
0.015,0.1399,359,0.7533615,2012,2012
0.03,0.3031,0.02,0.00018186,2012,2012
0.0339,0.41,0.08,0.00111192,2012,2012
0.04,0.4406,99,1.744776,2012,2012
0.02,0.4693,0.02,0.00018772,2012,2012
0.015,0.5975,42183,378.0651375,2012,2012
0.03,0.5524,488506.7,8095.533032,2012,2012
0.0339,0.3938,11581,154.6042654,2012,2012
0.04,0.4257,1917,32.642676,2012,2012
0.02,0.7058,22204.9,313.4443684,2012,2012
0.015,0.4654,8,0.055848,2012,2012
0.03,0.5919,518.4,9.2052288,2012,2012
0.0339,0.9155,0.02,0.000620709,2012,2012
0.04,0.4592,0.11,0.00202048,2012,2012
0.02,0.0773,120,0.18552,2012,2012
0.015,0.3364,0.02,0.00010092,2012,2012
0.0275,0.213,36327,212.7854025,2012,2012
0.0296,0.0443,450869.9,591.2166825,2012,2012
0.0375,0.5095,12412,237.146775,2012,2012
0.0175,0.1615,1730,4.8894125,2012,2012
0.0125,0.8635,21470,231.7418125,2012,2012
0.0275,0.0172,8,0.003784,2012,2012
0.0296,0.6631,1306.7,25.64759399,2012,2012
0.0375,0.2695,0.02,0.000202125,2012,2012
0.0175,0.4976,0.29,0.00252532,2012,2012
0.0125,0.8574,134,1.436145,2012,2012
0.0275,0.9481,0.06,0.001564365,2012,2012
0.0296,0.1256,36849,136.9957382,2012,2012
0.0375,0.3665,476698.8,6551.629132,2012,2012
0.0175,0.9774,12937,221.2809165,2012,2012
0.0125,0.3808,1842,8.76792,2012,2012
0.0275,0.0406,23834.9,26.61166585,2013,2013
0.0289,0.5467,11,0.17379593,2013,2013
0.0375,0.8956,515.3,17.3063505,2013,2013
0.0175,0.2387,0.03,0.000125318,2013,2013
0.0125,0.4115,0.11,0.000565813,2013,2013
0.0275,0.2686,123,0.9085395,2013,2013
0.0289,0.4049,0.02,0.000234032,2013,2013
0.0375,0.0832,33413,104.24856,2013,2013
0.0175,0.7481,444226.8,5815.706209,2013,2013
0.0125,0.2643,13295,43.92335625,2013,2013
0.0275,0.4237,1591,18.53793425,2013,2013
0.0289,0.7525,21153.7,460.0348023,2013,2013
0.0375,0.4324,8,0.12972,2013,2013
0.0175,0.7484,911.7,11.9405349,2013,2013
0.0125,0.7424,0.02,0.0001856,2013,2013
0.0275,0.4071,0.21,0.002351002,2013,2013
0.027,1,109,2.943,2013,2013
0.0375,0.9223,0.04,0.00138345,2013,2013
0.0175,0.068,30930,36.8067,2013,2013
0.0125,0.3107,411441.2,1597.934761,2013,2013
0.01,0.8103,13302,107.786106,2013,2013
0.005,0.3521,1473,2.5932165,2013,2013
0.01,0.8541,19592.4,167.3386884,2013,2013
0.01,0.8076,6,0.048456,2013,2013
0.01,0.5416,331.5,1.795404,2013,2013
0.025,0,0.02,0,2013,2013
0.027,0.3004,0.08,0.000648864,2013,2013
0.035,0.9461,96,3.178896,2013,2013
0.015,0.2195,0.02,6.59E-05,2013,2013
0.0125,0.5731,34624,248.03768,2013,2013
0.01,0.3901,432085.1,1685.563975,2013,2013
0.005,0.0617,12479,3.8497715,2013,2013
0.01,0.5048,1574,7.945552,2013,2013
0.01,0.5383,19640.2,105.7231966,2013,2013
0.01,0.4407,8,0.035256,2013,2013
0.025,0.4687,189.7,2.22280975,2013,2013
0.027,0.6993,0.02,0.000377622,2013,2013
0.035,0.8212,0.04,0.00114968,2013,2013
0.015,0.3202,103,0.494709,2013,2013
0.0125,0.9595,0.01,0.000119938,2013,2013
0.01,0.3181,33186,105.564666,2013,2013
0.005,0.9353,408959.5,1912.499102,2013,2013
0.01,0.461,12323,56.80903,2013,2013
0.01,0.0527,1659,0.874293,2013,2013
0.01,0.7516,20448,153.687168,2013,2013
0.025,0.0798,7,0.013965,2013,2013
0.0268,0.4722,224.9,2.846100504,2013,2013
0.035,0.1228,0.02,8.60E-05,2013,2013
0.015,0.208,0.05,0.000156,2013,2013
0.01,0.6251,97,0.606347,2013,2013
0.005,0.8651,0.01,4.33E-05,2013,2013
0.01,0.9476,31397,297.517972,2013,2013
0.01,0.9003,394876.6,3555.07403,2013,2013
0.01,0.0234,12577,2.943018,2013,2013
0.025,0.1135,1570,4.454875,2013,2013
0.0268,0.3227,19743.8,170.7514902,2013,2013
0.035,0.6222,7,0.152439,2013,2013
0.015,0.9882,191.6,2.8400868,2013,2013
0.01,0.3544,0.02,7.09E-05,2013,2013
0.005,0.5177,0.05,0.000129425,2013,2013
0.01,0.1791,118,0.211338,2013,2013
0.01,0.8898,0.01,8.90E-05,2013,2013
0.01,0.4456,31366,139.766896,2013,2013
0.025,0.5318,432055.7,5744.180532,2013,2013
0.0268,0.0739,13775,27.281663,2013,2013
0.035,0.0719,1426,3.588529,2013,2013
0.015,0.2453,19638.9,72.26133255,2013,2013
0.01,0.5103,8,0.040824,2013,2013
0.005,0.8133,376.1,1.52941065,2013,2013
0.01,0.0078,0.02,1.56E-06,2013,2013
0.01,0.095,0.09,8.55E-05,2013,2013
0.01,0.5601,130,0.72813,2013,2013
0.025,0.4803,0.02,0.00024015,2013,2013
0.0267,0.4264,29719,338.3472487,2013,2013
0.035,0.4188,442733.6,6489.589109,2013,2013
0.015,0.9759,14898,218.084373,2013,2013
0.01,0.4324,1351,5.841724,2013,2013
0.005,0.4272,20124.3,42.9855048,2013,2013
0.01,0.0828,7,0.005796,2013,2013
0.01,0.0158,400.2,0.0632316,2013,2013
0.01,0.7579,0.02,0.00015158,2013,2013
0.025,0.2841,0.09,0.000639225,2013,2013
0.0267,0.7501,128,2.56354176,2013,2013
0.035,0.5342,0.02,0.00037394,2013,2013
0.015,0.956,30349,435.20466,2013,2013
0.01,0.3655,386907.9,1414.148375,2013,2013
0.005,0.4144,12749,26.415928,2013,2013
0.01,0.4908,1518,7.450344,2013,2013
0.01,0.3139,19345.4,60.7252106,2013,2013
0.01,0.35,9,0.0315,2013,2013
0.025,0.5344,382.4,5.108864,2013,2013
0.0267,0.121,0.03,9.69E-05,2013,2013
0.035,0.2271,0.1,0.00079485,2013,2013
0.015,0.5538,103,0.855621,2013,2013
0.01,1,0.02,0.0002,2013,2013
0.005,0.0268,28246,3.784964,2013,2013
0.01,0.2465,387009.4,953.978171,2013,2013
0.01,0.6572,13702,90.049544,2013,2013
0.01,0.182,1345,2.4479,2013,2013
0.025,0.2091,18429,96.3375975,2014,2014
0.0267,0.3767,6,0.06034734,2014,2014
0.035,0.0304,216.1,0.2299304,2014,2014
0.015,0.8667,0.02,0.00026001,2014,2014
0.01,0.7754,0.06,0.00046524,2014,2014
0.005,0.1124,94,0.052828,2014,2014
0.01,0.8305,0.01,8.31E-05,2014,2014
0.01,0.4164,28451,118.469964,2014,2014
0.01,0.8962,380414.2,3409.27206,2014,2014
0.025,0.7328,13371,244.95672,2014,2014
0.0267,0.0265,1355,0.95873025,2014,2014
0.035,0.9065,18115,574.7436625,2014,2014
0.015,0.5279,7,0.0554295,2014,2014
0.01,0.7472,338.2,2.5270304,2014,2014
0.005,0.0318,0.02,3.18E-06,2014,2014
0.01,0.2119,0.09,0.00019071,2014,2014
0.01,0.0301,90,0.02709,2014,2014
0.01,0.0511,0.01,5.11E-06,2014,2014
0.025,0.9601,26673,640.2186825,2014,2014
0.0267,0.0337,372177.5,334.8815927,2014,2014
0.035,0.9268,13954,452.639852,2014,2014
0.015,0.6075,1334,12.156075,2014,2014
0.01,0.3258,18608.9,60.6277962,2014,2014
0.005,0.539,10,0.02695,2014,2014
0.01,0.1678,535.2,0.8980656,2014,2014
0.01,0.6025,0.04,0.000241,2014,2014
0.01,0.4747,0.14,0.00066458,2014,2014
0.025,0.7353,110,2.022075,2014,2014
0.0268,0.2229,0.02,0.000119474,2014,2014
0.035,0.7189,28337,713.0014255,2014,2014
0.015,0.715,362600.2,3888.887145,2014,2014
0.01,0.8833,12796,113.027068,2014,2014
0.005,0.0496,1349,0.334552,2014,2014
0.01,0.6655,17266.7,114.9098885,2014,2014
0.005,0.3443,8,0.013772,2014,2014
0.01,0.9043,315.5,2.8530665,2014,2014
0.025,0.1562,0.03,0.00011715,2014,2014
0.0268,0.2709,0.09,0.000653411,2014,2014
0.035,0.8694,102,3.103758,2014,2014
0.015,0.8127,0.01,0.000121905,2014,2014
0.01,0.9286,24152,224.275472,2014,2014
0.005,0.5173,354537.2,917.0104678,2014,2014
0.01,0.0018,14679,0.264222,2014,2014
0.005,0.5074,1208,3.064696,2014,2014
0.01,0.5756,17726.9,102.0360364,2014,2014
0.025,0.2061,6,0.030915,2014,2014
0.0268,0.1018,409.8,1.118032752,2014,2014
0.035,0.8455,0.02,0.00059185,2014,2014
0.015,0.8868,0.12,0.00159624,2014,2014
0.01,0.7267,103,0.748501,2014,2014
0.005,0.1367,0.02,1.37E-05,2014,2014
0.01,0.5358,25028,134.100024,2014,2014
0.005,0.048,373296.3,89.591112,2014,2014
0.01,0.0471,14915,7.024965,2014,2014
0.025,0.2235,1138,6.358575,2014,2014
0.0266,0.1599,16968,72.17067312,2014,2014
0.035,0.2236,9,0.070434,2014,2014
0.015,0.5179,436.8,3.3932808,2014,2014
0.01,0.2647,0.04,0.00010588,2014,2014
0.005,0.4418,0.12,0.00026508,2014,2014
0.01,0.8926,95,0.84797,2014,2014
0.005,0.4729,0.02,4.73E-05,2014,2014
0.01,0.3743,23206,86.860058,2014,2014
0.0225,0.5504,356050.4,4409.328154,2014,2014
0.0266,0.8193,15343,334.3758293,2014,2014
0.0325,0.0546,1055,1.8720975,2014,2014
0.0125,0.1468,16184.1,29.6978235,2014,2014
0.01,0.8758,8,0.070064,2014,2014
0.005,0.9414,438.8,2.0654316,2014,2014
0.01,0.6136,0.03,0.00018408,2014,2014
0.005,0.1269,0.12,7.61E-05,2014,2014
0.01,0.4053,117,0.474201,2014,2014
0.0225,0.0968,0.02,4.36E-05,2014,2014
0.0266,0.4948,22147,291.491727,2014,2014
0.0325,0.3718,332352.7,4015.98385,2014,2014
0.0125,0.8793,15006,164.9346975,2014,2014
0.01,0.3655,1107,4.046085,2014,2014
0.005,0.8449,16617.6,70.2010512,2014,2014
0.01,0.4514,6,0.027084,2014,2014
0.005,0.3105,399.9,0.62084475,2014,2014
0.01,0.3666,0.03,0.00010998,2014,2014
0.01,0.3949,0.12,0.00047388,2014,2014
0.02,0.5854,102,1.194216,2014,2014
0.0235,0.8875,0.02,0.000417125,2014,2014
0.03,0.2174,25600,166.9632,2014,2014
0.01,0.4639,363606.4,1686.77009,2014,2014
0.01,0.9327,14204,132.480708,2014,2014
0.005,0.0642,1219,0.391299,2014,2014
0.01,0.5299,17314.6,91.7500654,2014,2014
0.005,0.6345,10,0.031725,2014,2014
0.01,0.6411,586.5,3.7600515,2014,2014
0.01,0.8541,0.04,0.00034164,2014,2014
0.02,0,0.16,0,2014,2014
0.0235,0.0348,116,0.0948648,2014,2014
0.03,0.9007,0.02,0.00054042,2014,2014
0.01,0.4708,22838,107.521304,2014,2014
0.01,0.1641,341454.3,560.3265063,2014,2014
0.005,0.2969,14951,22.1947595,2014,2014
0.01,0.6134,1038,6.367092,2014,2014
0.005,0.5422,15520.6,42.0763466,2014,2014
0.01,0.4777,7,0.033439,2014,2014
0.01,0.3484,666,2.320344,2014,2014
0.02,0.1686,0.03,0.00010116,2014,2014
0.0235,0.3736,0.2,0.00175592,2014,2014
0.03,0.2823,93,0.787617,2014,2014
0.01,0.6183,0.03,0.00018549,2014,2014
0.01,0.0793,21034,16.679962,2014,2014
0.005,0.6145,330675.2,1015.999552,2014,2014
0.01,0.4653,15721,73.149813,2014,2014
0.005,0.5103,1107,2.8245105,2014,2014
0.01,0.8506,17404,148.038424,2014,2014
0.01,0.5649,6,0.033894,2014,2014
