경제성장률,실업률,기준금리,현재경기판단CSI,기업부도율,TIME,YEAR
0.07,0.037000000000000005,2.5,104.0,0.02,2010,2010.0
0.037000000000000005,0.034,3.25,,0.02,2011,2011.0
0.025,0.032,2.75,90.0,0.03,2012,2012.0
0.033,0.031,2.5,,0.03,2013,2013.0
0.032,0.035,2,66.0,0.03,2014,2014.0
,,,67.0,,,
,,,84.0,,,
